onset	duration	trial_type	value	sample
5.765625	5.0	lateral_grasp	1	1476
12.378906	5.0	palmar_grasp	2	3169
17.855469	5.0	palmar_grasp	2	4571
28.890625	5.0	lateral_grasp	1	7396
33.742188	5.0	lateral_grasp	1	8638
40.367188	5.0	palmar_grasp	2	10334
46.464844	5.0	palmar_grasp	2	11895
52.273438	5.0	lateral_grasp	1	13382
57.839844	5.0	lateral_grasp	1	14807
63.566406	5.0	lateral_grasp	1	16273
68.402344	5.0	palmar_grasp	2	17511
73.09375	5.0	palmar_grasp	2	18712
78.59375	5.0	palmar_grasp	2	20120
83.992188	5.0	palmar_grasp	2	21502
89.429688	5.0	lateral_grasp	1	22894
94.402344	5.0	lateral_grasp	1	24167
99.839844	5.0	lateral_grasp	1	25559
104.792969	5.0	lateral_grasp	1	26827
114.464844	5.0	palmar_grasp	2	29303
136.144531	5.0	lateral_grasp	1	34853
143.207031	5.0	lateral_grasp	1	36661
155.421875	5.0	palmar_grasp	2	39788
162.648438	5.0	palmar_grasp	2	41638
172.59375	5.0	lateral_grasp	1	44184
183.050781	5.0	palmar_grasp	2	46861
194.128906	5.0	lateral_grasp	1	49697
203.515625	5.0	palmar_grasp	2	52100
212.214844	5.0	palmar_grasp	2	54327
221.261719	5.0	lateral_grasp	1	56643
233.6875	5.0	palmar_grasp	2	59824
242.089844	5.0	palmar_grasp	2	61975
251.816406	5.0	palmar_grasp	2	64465
260.238281	5.0	lateral_grasp	1	66621
267.117188	5.0	lateral_grasp	1	68382
281.34375	5.0	palmar_grasp	2	72024
293.671875	5.0	palmar_grasp	2	75180
302.351562	5.0	lateral_grasp	1	77402
312.285156	5.0	palmar_grasp	2	79945
320.660156	5.0	palmar_grasp	2	82089
329.886719	5.0	lateral_grasp	1	84451
340.03125	5.0	palmar_grasp	2	87048
347.339844	5.0	palmar_grasp	2	88919
357.519531	5.0	palmar_grasp	2	91525
364.550781	5.0	palmar_grasp	2	93325
372.945312	5.0	lateral_grasp	1	95474
379.804688	5.0	lateral_grasp	1	97230
386.179688	5.0	lateral_grasp	1	98862
394.425781	5.0	lateral_grasp	1	100973
401.816406	5.0	lateral_grasp	1	102865
410.816406	5.0	palmar_grasp	2	105169
418.621094	5.0	lateral_grasp	1	107167
425.375	5.0	lateral_grasp	1	108896
432.699219	5.0	lateral_grasp	1	110771
442.730469	5.0	palmar_grasp	2	113339
455.378906	5.0	lateral_grasp	1	116577
464.859375	5.0	lateral_grasp	1	119004
473.105469	5.0	lateral_grasp	1	121115
479.542969	5.0	palmar_grasp	2	122763
489.871094	5.0	palmar_grasp	2	125407
505.59375	5.0	lateral_grasp	1	129432
512.121094	5.0	palmar_grasp	2	131103
519.683594	5.0	palmar_grasp	2	133039
528.054688	5.0	palmar_grasp	2	135182
536.085938	5.0	lateral_grasp	1	137238
543.195312	5.0	lateral_grasp	1	139058
549.65625	5.0	lateral_grasp	1	140712
556.347656	5.0	palmar_grasp	2	142425
563.820312	5.0	palmar_grasp	2	144338
573.828125	5.0	palmar_grasp	2	146900
580.472656	5.0	lateral_grasp	1	148601
588.300781	5.0	lateral_grasp	1	150605
595.910156	5.0	lateral_grasp	1	152553
603.175781	5.0	palmar_grasp	2	154413
609.816406	5.0	lateral_grasp	1	156113
618.535156	5.0	palmar_grasp	2	158345
624.796875	5.0	lateral_grasp	1	159948
631.832031	5.0	palmar_grasp	2	161749
638.695312	5.0	lateral_grasp	1	163506
644.125	5.0	palmar_grasp	2	164896
652.285156	5.0	lateral_grasp	1	166985
658.058594	5.0	palmar_grasp	2	168463
676.863281	5.0	lateral_grasp	1	173277
682.378906	5.0	palmar_grasp	2	174689
690.246094	5.0	lateral_grasp	1	176703
697.859375	5.0	palmar_grasp	2	178652
703.703125	5.0	lateral_grasp	1	180148
711.675781	5.0	palmar_grasp	2	182189
717.941406	5.0	lateral_grasp	1	183793
726.375	5.0	palmar_grasp	2	185952
732.203125	5.0	lateral_grasp	1	187444
738.761719	5.0	palmar_grasp	2	189123
744.660156	5.0	lateral_grasp	1	190633
751.191406	5.0	palmar_grasp	2	192305
756.988281	5.0	lateral_grasp	1	193789
762.753906	5.0	palmar_grasp	2	195265
769.707031	5.0	lateral_grasp	1	197045
775.460938	5.0	palmar_grasp	2	198518
783.386719	5.0	lateral_grasp	1	200547
790.699219	5.0	palmar_grasp	2	202419
809.511719	5.0	palmar_grasp	2	207235
817.046875	5.0	palmar_grasp	2	209164
824.242188	5.0	lateral_grasp	1	211006
829.929688	5.0	lateral_grasp	1	212462
839.96875	5.0	palmar_grasp	2	215032
847.335938	5.0	palmar_grasp	2	216918
855.199219	5.0	lateral_grasp	1	218931
861.96875	5.0	lateral_grasp	1	220664
869.757812	5.0	palmar_grasp	2	222658
876.539062	5.0	palmar_grasp	2	224394
884.765625	5.0	lateral_grasp	1	226500
890.757812	5.0	lateral_grasp	1	228034
896.957031	5.0	palmar_grasp	2	229621
902.621094	5.0	palmar_grasp	2	231071
908.675781	5.0	lateral_grasp	1	232621
914.425781	5.0	lateral_grasp	1	234093
920.082031	5.0	palmar_grasp	2	235541
926.523438	5.0	palmar_grasp	2	237190
933.378906	5.0	lateral_grasp	1	238945
938.90625	5.0	lateral_grasp	1	240360
945.191406	5.0	palmar_grasp	2	241969
954.292969	5.0	palmar_grasp	2	244299
961.863281	5.0	lateral_grasp	1	246237
970.277344	5.0	lateral_grasp	1	248391
977.597656	5.0	palmar_grasp	2	250265
983.96875	5.0	palmar_grasp	2	251896
991.660156	5.0	lateral_grasp	1	253865
997.417969	5.0	lateral_grasp	1	255339
1004.085938	5.0	palmar_grasp	2	257046
1009.589844	5.0	palmar_grasp	2	258455
1016.15625	5.0	lateral_grasp	1	260136
1022.023438	5.0	lateral_grasp	1	261638
1031.816406	5.0	palmar_grasp	2	264145
1039.671875	5.0	palmar_grasp	2	266156
1046.410156	5.0	lateral_grasp	1	267881
1052.445312	5.0	lateral_grasp	1	269426
1058.816406	5.0	palmar_grasp	2	271057
1071.074219	5.0	palmar_grasp	2	274195
1080.097656	5.0	lateral_grasp	1	276505
1085.601562	5.0	lateral_grasp	1	277914
1102.003906	5.0	rest	3	282113
1295.003906	5.0	rest	3	331521
1488.003906	5.0	rest	3	380929
